{"cameraMode":{"drawMode":0,"name":"Shaded","section":"Shading Mode"},"sceneLighting":true,"audioPlay":false,"sceneViewState":{"m_AlwaysRefresh":false,"showFog":true,"showSkybox":true,"showFlares":true,"showImageEffects":true,"showParticleSystems":true,"showVisualEffectGraphs":true,"m_FxEnabled":true},"in2DMode":false,"pivot":{"x":11.527321815490723,"y":-2.3685708045959474,"z":-9.010673522949219},"rotation":{"x":0.0356411449611187,"y":0.7888808846473694,"z":-0.045982155948877338,"w":0.6118195056915283},"size":13.488019943237305,"orthographic":false}